Symbol	Name
1093830	RAMDOR SYSTEMS RT05
1094242	PLASTRO IRRIG RTS05
1094929	CARMEL HOLD RT05
1094986	MILOMOR TRADE COMM
1132430	XTL BIOPHARMAC
113718	TAT TECH
1350099	ZEEVI COMPUTER RT05
1628005	KARDAN NV
206189	ORPAK IND 1983
2071483	SHAMIR OPTICAL IND
2080059	PSAGOT FIN RTS 05
2147631	PLASTOPIL HAZOREA
2174639	DELEK REAL ESTATE
2372270	NECHUSTAN RT05
2690089	CINEMA RTS 05
3290095	EUROPEAN SAT RTS 05
3450103	MODIIN ENERGY RT05
3550076	KALANIT CARMON RT05
3940152	RATIO OIL RTS 05
3950102	BSR PROJECTS RTS 05
4730032	DORI ENGR RTS 05
5060181	GIVOT OLAM RTS 05
5060199	GIVOT OLAM RTS 2 05
5470133	OIL FIELDS RTS 05
5470141	OIL FIELDS RTS 2 05
5780051	AFCON IND RTS 1 05
6390173	DISCOUNT INV RTS 05
696793	PRI HAEMEK
718543	TEFRON
7450059	POLYGON RTS 05
7450067	POLYGON RTS 2 06.05
8190035	OGEN RL EST RTS 05
822619	MELISRON
ABTR	ABETRANS B
ADLE	ISRAEL ADLER 1
ADRN	ADIRON
ADTE	ADVANCED TECHNOLOGY
ADUM	ADUMIM CHEMS
ADVT	ADVANTECH HLDGS
AFCN	AFCON CONTROL
AFEK	MICROMEDIC
AFHO	AFRICA ISRAEL HOTEL
AFIL01	AFR-ISR INV ILS
AFIN1	AFCON INDUSTRIES
AFIN5	AFCON INDUSTRIES
AFPR	AFRICA ISRAEL PROP
AFSK	AFSK INDS
AGRI	AGRI INVEST
AIP	AM ISRAELI PAPER
ALBA	ALBAD MASSUOT YITZH
ALBN	ADGAR ALBANI
ALD	A.L.D. ADVANCED
ALDW	ALADDIN KNO INS0.01
ALHE	ALONY HETZ PTYS & I
ALIN	ALLIANCE TIRE
ALON	H ALONI ENTERPRISES
ALUM-M	ALUMAYER
ALVR	ALVARION
AMAN	AMANET MGT & SYS
AMIAD	AMIAD FILTRATION
AMIG	AMIGAR INFORMATION
AMINV-M	INVT CO AMPA -A-
AMLD	A.M.L.D. INVT CO
AMRK	AMIR MKTG INV AGRIC
AMS	A.M.S. ELECTRONICS
ANGL	SALOMON A ANGEL 1
ANLT	ANALYST IMS INVT MG
AOC	A-ONLINE
ARAD	ARAD INV & DEV
ARAN	ARAN RES & DEV 1982
ARD	ARAD
ARDN	ARLADAN NECHASIM 1
ARGM	ARGAMAN IND 8
ARMD	ARYT MEDICAL
ARNT	ARELNET
ARPA	ARPAL ALUMINIUM SYS
ARTN	ART-IN INTERNET
ARYT	ARYT INDUSTRIES
ARZM	ARAZIM EARTH MOV 1
ASBD	ASPEN BUILDNG & DEV
ASHL	ASHLAD
ASHO	ASHOT ASHKELON
ASPJ	ASHTROM PROJECTS
ASPR	ASHTROM PTYS
ASPT	ASPEN PTYS
ASRE	ASPEN RL EST
ASTN	ACKERSTEIN IND
ATIF	ATIFON
ATRM	ASHTROM INDUSTRIES
ATXE	PNEIEL
ATZM	AZMON
AUDC	AUDIOCODES
AURA	AURA INVTS
AVER	AVERBUCH FORMICA CT
AVIA	AVIATION L. INS 1
AVIV	MORDECHAI AVIV TAAS
AVNR	AVNER OIL&GAS INS
AVSO	AVIV SOLUTIONS
AYAL	AYALON HLDGS
AZBK	ATZMAUTH MORTGAGE
AZRM	AZOR INV&DEV CON
AZTC	AZIMUTH TECHNOLOGIE
BAMO	BAUMEL-MOSHE CIVIL
BARA	BARAD CO LANDWORKS
BARK	BARKAN WINE CELLARS
BARN	A.Z. BARANOWITZ
BCEL	BIOCELL
BCH	BRACK HOLDINGS
BDRC	BUILDING RESOURCES
BELM	BELMON
BEZQ	BEZEQ ISRAEL TELE
BGIR	BAGIR
BINR	BINAR BLDG & INVT
BIRI	BIRI BARASHI EARTH
BIRM	BIRMAN WOOD IND
BLOH	BLOCH ROTST SEC INV
BLSD	BOULOS-GAD
BLSQ	BLUE SQUARE STORES
BMDX	BIOMEDIX
BNIN	BINYAN INVT
BOJU	BONJOUR 1986
BOSL	BOS BETTER ONLINE
BOTI	BONEI HATICHON CIV
BPHX	BLUEPHOENIX SOLUT
BRAM	BRAM INDUSTRIES
BRAN	BARAN GROUP
BRIL	BRILL SHOE INDS
BRMG	BRIMAG DIGITAL AGE
BRND	BRAND INDS
BRSL	BAR SOL
BRTE	BAR TAL ELECTR ENC
BSEN	BET SHEMESH HLDGS
BSI	BLUE SQUARE ISRAEL
BSR	BSR EUROPE
BSRP	BSR PROJECTS
BULU	BOULUS GRANITE & MA
BYSD1	BAYSIDE LAND CORP 1
BYSD5	BAYSIDE LAND CORP
CAJE	CAPRICE JEWELLERY
CANY	CANYOKOL PTYS
CAST	CASTRO MODEL
CDEV	COHEN DEVL & IND
CDSS	ISR COLD STORAGE 5
CEME	CEMENTCAL B. KOTICK
CESA	CEASARIA LAND & RES
CFBI	CANFITE BIOFARMA
CGEN	COMPUGEN
CHAM	CHAM FOODS (ISRAEL)
CHAY	CHAYON COMPUTERS
CHIM	ISRAEL CHEMICALS
CIDA	CIDAV PRINTED CIRCU
CINR	CHIM NIR FLIGHT SER
CISY	CI SYS
CLIS	CLAL INSURANCE
CLTC	GMUL VENTURES
CLTR	CLAL TRADING
CLTS	CLAL TOURISM
CMDR	COMPUTER DIRECT TO
CMER	C.MER INDUSTRIES
CMPL	CHEMIPAL
CMSC	COMSEC
CMTC	COMTEC
CNBV	CANIEL ISRAEL CAN
CNIN	CANIEL PACKAG IND
CNMA-L	CINEMA
COMT	COMTRANS ENGR & TRA
COTA	CONTAHAL
CRED	ISRAEL CREDIT LINES
CRGR	CARMEL GROUP
CRHO	CARMEL HOLDINGS
CRMT	CARMIT CANDY IND
CRNT	CERAGON NETWORKS
CROW	CROW ELECTR WARNING
CRSL	CRYSTAL CONSUMER PR
CTPL1	ICP ISR.CITR.PLANT.
CTPL5	ICP ISR
CTRC5	DEVL CO POUNDED BY
CYCL	CYCLONE AVIATION
DAFR	DAFRON
DANE	DANEL (ADIR YEOSHUA
DANH	DAN HOTELS CORP LTD
DANL	DANLEY AM FIN 1
DARE	DAN RENT-A-CAR INS1
DCI	DIRECT CAPITAL INV
DCLA	D.C.L. TECHNOLOGIES
DECI	DECISION SYS ISRAEL
DEDR	DELEK DRILLING
DEGA1	DELTA-GALIL INDUSTR
DEJG	D J G FACTORY OF EL
DEOL	DELEK ENERGI SYSTEM
DGEM	DEGEM SYSTEMS
DIGL	DIGAL INVTS & HLDGS
DIMRI	DIMRI BLDG DEV
DISI	DISCOUNT INVT
DJCE-M	DATA JCE
DLEA	DELEK AUTOMATIVE
DLEK	DELEK ISRAEL FUEL-C
DLEKG	DELEK GROUP
DLIN-L	CINEMA
DLKI	DELEK INTERNATIONAL
DLKR	DELEK REAL ESTATE
DMBK	MORTGAGE
DMDC	D MEDICAL INDUST
DNTE	DANBAR TECHNOLOGIES
DNYA	DANYA CEBUS
DOLV	DOLEV INS CO
DORA	DOREA INVT & DEVLS
DORC	DOR CHEMS
DORI	U. DORI ENGR WKS CO
DOROT	DOROT PROP HLDGS
DRAL	DOR ALON ENERGY ISR
DRBN	DARBAN HASHKAOT
DRBR	DS APEX HOLDINGS
DRIN	DIRECT INSURANCE
DROM	DI ROM BLDG INVT
DSAP	DS APEX HOLDINGS
DSCT	ISRAEL-DISC.BANK-A-
DSIN	DASH INVESTMENTS
DUBK	DUBEK
DUBK-BR	DUBEK LTD.8% PRF.
DUNI	DUNIEC BROS
EAGL	EAGLE MILITARY GEAR
ECJM	JERUSALEM ECONOMIC
EIAM	EIM COMPUTER TECHNO
EIL	EL CHEM IND (1952)
ELAC	ELA R. CONSTRUCTION
ELAD	ELAD HTLS
ELAL	EL-AL
ELBE	AL-BEN PTY & INVT
ELCO	ELCO
ELCRE	ELECTRA REAL ESTATE
ELDN	ELDAN TECH 1
ELEC	METIS CAPITAL
ELEK	ELECTRA CONSUMER
ELGO	ELGO IRRIGATION
ELIN	ELRAN INVT 1
ELKA	EL-KANIT DEVL
ELRN	ELRON ELEC
ELRO	EL-ROV
ELSPC	ELSPEC ENGINEERING
ELTR	ELECTRA ISRAEL LTD
EMCO	E & M COMPUTING
EMDV	EMILIA DEVELOPMNT A
EMIT	ELBIT MEDICAL IMAG
ENGR1	ENGEL EUROPE
ENGR5	ENGEL EUROPE
ENRS	ENGEL RESOURCES
EQTL	EQUITAL
ERCM	ERICOM SOFTWARE
ESLT	ELBIT SYSTEMS LTD
EVER	EVERGREEN
EVRO	EVROT INDS
EXCE	EXCELLENCE INVTS
EXPO	EXPORT INVT CORP
EXTR	EXTRA PLASTIC
FBRT	FIBROTEC FMS 1
FCT	F.C.T FORMULA COMP
FDLT	FIDELITY GOLD RL-ES
FELD	FELDMAN & SON
FERT	FERTILIZERS & CHEMS
FIBI	F.I.B.I HLDGS INS
FIJE	FIVE J
FILS-L	OIL FIELDS
FIMG	FIRST INTL MORTG
FLCR	FLYING CARPET
FNCTC	FINANCITECH
FNDT	FUNDTECH
FORM	FORMULA SYSTEMS
FOX	FOX WIZEL
FRUT	FRUTAROM INDUSTRIES
FTIN1	FI BK ISRAEL INS
FTIN5	FI BK ISRAEL INS
FUTIN	FEUCHTWANGER INDUST
FUTM	FEUCHTWANGER ELECTR
FVT	FORMULA VISION TECH
GAHE	GACHELET
GAMA	GAMA COMMUNICATION
GAMB	GAMBIT COMPUTER COM
GAMT	GAMATRONIC
GAT	GAON AGRO IND
GDBC	GADOT BIOCHEMICALS
GDOT	GADOT CHEM TANK TER
GIBC	GAI BEACH HTL
GIBR	GIBOR SABRINA TEXTI
GILB	GILBOA WOOD
GILN	GILON INVTS
GILTF	GILAT SATELLITE
GISP	GIBOR SPORT HLDGS
GIVN	GIVEN IMAGING
GIVO-L	GIVOT OLAM
GJEP	GJE PROMOTING 1
GLAN	GOLAN FINE CRAFTS
GLBL	GLOBAL METAL
GLOB	GAZIT GLOBE (1982)
GLPL	GOLAN PLASTIC
GLRA	GALRAN INVT GRP
GMUL	GMUL INVESTMENT CO
GNOR	GANEY OR INVTS
GOHO	GOLDEN HOUSE
GOLD	THE GOLD BD GRP
GRCE	GRAND CENTER DIZENG
GRNT	GRANITE
GROF	GROFIT CIVIL ENGR
GRON	GIRON DEV & BUILD
GSFI	GAN SHMUEL FOOD
GTC	GTC INTERNATIONAL
GTFR	GATEWAY FOR YOU
GZIT	GAZIT (PANAMA)
HAHO	HACHSH HAYISH HOTEL
HAML	HAM-LET
HARL	HAREL-HAMISH 1
HARL5	HAREL-HAMISH
HASI	HASSIN-ESCH CERAMIC
HASN	HASON PLASTIC AFULA
HBS-M	HABAS H.Z.INVEST
HELE	H ELECTRS 1988
HGII	H G I I MARKETING &
HLTC	HILAN TECH
HOD	HOD-METAL PRODS MAN
HOFI	HOFIT KIBBUTZ
HOME	HOME CENTERS (DIY)
HQS	HAZERA QUALITY
HRON1	HIRON TRADE INVT
HRON5	HIRON TRADE INV
HRSB	ABETRANS B
HUCN	HSG & CONSTR HLDG
IBIU	IBI UNDERWR INVESTM
IBLD	INDL BUILDING 1
IDBD	IDB DEVL -A-
IDBH	IDB BANKHOLD.CORP.
IDI	DIRECT IDI INS CO
IES	IES ELECTRS INDS
IFN	IFN SYSTEMS
IGLD	INTERNET GOLD
ILAN	ILAN GAT ENGINEERS
ILCO	THE ISRAEL CORP A
ILCO1	ISRAEL CORP S1
ILDC	ISR.LAND.DEV.CO.
ILDI	ISRAEL LAND DEVL IN
ILDM	ILD MALLS AND SHOP
ILDN	ILD INSURANCE CO
ILOM	ISRALOM 1
IMCO	IMCO INDUSTRIES
INBR	INBAR LEASE FINANCE
INCS	INTERCOSMA LTD
INDD-G	IDB 6% G
INDD-GG	IND DEV ISR6 CC GG
INDD-GG1	IND.DEV.BKISR.A GG1
INDD-P	INDL DEVL BAK ISR P
INOC	INOL
INSP	INSPIRE INVESTMENTS
INST	AZIMUTH
INTE1	INTERGAMA INV 1
INTE5	INTER-GAMA INV
IPRO	ISPRO ISR PROP RENT
ISAL	ISAL AMLAT INVT
ISCO	ISRACOLOR LAB
ISE	ISE CONSULTING DIR
ISRA	ISRAMCO
ISRO	ISROTEL
ISRP	ISRAELI PROCESSING
ISRS	ISRAS INVESTMENT CO
ISTA	ISSTA LINES
ISTAP	ISSTA LINES
ITL	ITL OPTRONICS
ITRN	ITURAN LOC & CONTRL
IVTC	INVENTECH INVTS
JAMI	JACK MITERANI
JBNK	BK JERUSALEM
JCDA	JACADA
JNHL	JEUNESSE HLDGS
JOEL	JOEL
JULX	JULEX
KADM	METAL WORKS KADM 1
KADU	KADOURI SIGNS
KAFR	KAFRIT INDUSTRIES
KDEM	KEDEM CHEMICALS
KDHI	KADURY & HAI
KDRN	KIDRON INDUST HLDGS
KETR	MAXW MCMILL KETER 1
KING	KING ENG BEARING 1
KINR	KINNERET VIEW HTL
KISH-M	LITO GROUP
KITN	KITAN
KLIL	KLIL INDUSTRIES
KLNT-M	KALANIT CARMON SOFT
KLRM	KALROM CAR ENG EQIP
KMDA	KAMADA LTD
KMNH	KAMAN HOLDINGS
KMOR	KAMOR
KNFM	KNAFAIM ARKIA HLD
KOOR	KOOR IND INS
KRDR	KARDAN REAL ESTATE
KRIS	KARDAN ISRAEL
KRML	MIFALLEY ETZE KARMI
KRNV	KARDAN NV
KRTC	KARDAN TECHNOLOGIES
LAMO	LAMONT
LAPD	LAPIDOTH ISR.OIL PR
LDAN	LEEDAN-BUSINESS ENT
LDER	LEADER UND INS 1
LDRTC	LEADER TECH
LEVA	A LEVI INVT & CONST
LEVI	MESHULAM LEVINST 1
LFSR	LIFSHIR 1
LGNA	LAGNA HOLDINGS
LHIS	LACHISH IND 1
LIEB	A.LIEBER SUBSOIL IN
LIGD	LIGAD INVESTMENT
LIMS	LIMS
LITR	ISR LIGHT&SUPPLY 1
LNOP	LANOPTICS
LODZ	LODZIA ROT TEX 1
LPHL	LAPIDOTH HELETZ
LPMA	LIPMAN ELECTRONIC
LPSK	L.M.LIPSKI 1
LTGR	LITO GROUP
LUDN	LUDAN ENGR
LUMI	BK LEUMI INS
LUMR	LUMIR HLDGS 1
LWTL	LOEWENTHAL SAGIV BE
MABR	MAABAROT PRODS
MAFL	MAFIL LTD
MAGM	MAGMA INDUSTRIES
MAGS	MAGAL SECURITIES
MAIN	M.A. INDUSTRIES
MALT	MELTA INTER IND
MAN	MAN FOOD&FISH CON 1
MANF	FINANCIAL LEVERS
MAPR	HAMAKOR PRTG
MARA	MARATHON CAP DEVL
MARA-PP	MARATHON CAP DEVL
MARV	MAARIV HOLDING
MASH	MASHAV REFRIG INDS
MATV	MATAV-CABLE COMM
MAXM1	MAXIMA AIR SEP 1
MAXM5	MAXIMA AIR SEP
MAYN	MAAYAN VENTURES
MCPL	MACPEL
MCTC	MICROMEDIC
MDCN	MEDCON
MDIN-L	MODIIN ENERGY
MEDI	MEDTECHNICA
MEDN	MEHADRIN LTD.
MEGA	MEGASON HLDGS
MEHOE	MEDITERANEAN HTLS
MEMM	M.M. ENGR
MEND	KAMAN HOLDINGS
METR-M	ALONEI MEITAR
MEYD	MAYANOT EDEN
MGAM	MAGAM ENTERPRISES
MGDL	MIGDAL INSURANCE
MGIC	MAGIC SOFTWARE ENTR
MILO	MILOUMOR
MIMS	MIMSAR AUTOMOTIVE
MINI	MINI LINE
MIRO	MIROMIT ASHKELON ME
MISH	MIVTACH SHAMIR HLDG
MLAM	MALAM SYS
MLBU5	MALIBU ISR DRUCK
MLLC	MLL SOFTWARE
MLRG	MALRAG ENGINEERING
MLSR	MELISRON
MLTP	MULTIPLE INVESTMENT
MLTR	MILOMOR TRADE COMM
MLTX	MULTIMATRIX
MLUM	THIRD MILLENNIUM-T
MMAN	MAMAN CARGO TERM 1
MMCO	M&M COHEN BLDG & CO
MMDI	MMD TECHNOLOGIES
MNDO	MIND CTI
MNRV	MINRAV HLDGS
MORA1	MENORAH INS CO 1
MORA5	MENORAH INS CO
MPI	MPI
MRHV	MERHAV-CERAMIC & BU
MSBR	HAMASHBIR FASHION
MTCO	MTI COMPUTERS & SOF
MTLK	METALINK
MTM	MTM BLDG IND&CR 1
MTRN	MAYTRONICS
MTRX	MATRIX IT
MTSC	METIS CAPITAL
MZPK	MZPK
MZRH	MIZRAHI BK 0.50 REG
NAMN	NAAMAN PORCELAIN
NATO	NATOUR
NCST1-M	NECHUSHTAN INV
NCST5-M	NECHUSHTAN INV
NECH	NECHUSHTAN PTYS & E
NESU	NESSUAH ZANNEX
NFEX-L	NAPHTHA EXPLORATION
NFTA	NAPHTA ISRAEL INS
NGEV	NEGEV CERAMICS 1
NGNO	NAGANO INVESTMENT
NIA	NIA METAL WORKS & E
NICE	NICE SYSTEMS
NIKU	NIKUV COMPUT ISR 1
NISA	NISSAN MED. INS 1
NKPL	NEW KOPEL
NMC	NMC MUSIC LTD
NOGI	NOGA INSURANCE
NOGI-P	NOGA INSURANCE P
NORF	NORFOLK INTL
NSKO	NISKO INDS
NSPR	NISKO PRO ELEC COMM
NTBA	NITSBA HLDGS
NTGR	NETANEL GROUP
NTO	NETO M.E.HOLDINGS
NTSN	NETVISION
NURA	FINANCITECH
NURD-M	NORDAN TECHNOLOGIES
NURM	NEURIM PHARMACEUTIC
NVIO	NEVIOT TEVA HAGALIL
NVMI	NOVA MEASURING INTR
OCEA	OCEANA ADVANCED IND
OCIF	OCIF INV DEVL
OFCM	OFER COMMCL CTRS
OFER	OFER BROTHERS
OFIS	OFFIS TEXTILE INS 1
OGDN	OGDAN SYS APPL & DE
OGEN	OGEN REAL ESTATE
OHH	OTZAR HIT HAYEH REG
OLMP	OLIMPIA REAL ESTATE
OMGA	OMEGA NEW PARTNERS
OMNF	OMNI FOOD BARANDS
OMNI	OMNITECH EIHUT LTD
ONE	ONE SOFTWARE TECHN
ONSM	ONE SYSTEM INTEGRAT
OPHM	LEADER TECH
OPIR	OPHIR INS 1
OPRT	OPHIR TOURS
OPTI	OPTIMA MANAG & INV
ORBI	ORBIT-ALCHUT TECHNO
ORCT	ORCKIT COMMUNIC
ORDA	ORDA PRINT 1
ORLI	ORLITE INDS (1959)
ORMT	ORMAT INDUSTRIES
ORPK	ORPAK IND 1983
ORSI	ORSYS
ORTA	ORTAL DIECASTING
OSEM	OSEM INVST INS
OZAT	OZ ATID INTL
OZHI	UNAMI SHILUVIM ENT
PACH	HAPACH METAL INDS
PAMA	PAMA INVT & PROP 1
PAYT	PAYTON INDS
PCBT	PCB TECHNOLOGIES
PERG	PEREG UTD INDS
PHOE1	ISRA PHOENIX ASS 1
PHOE5	ISRA PHOENIX ASS
PILT	PILAT TECHNOLOGIES
PINR	PINROS HLDGS
PITK	PITKIT PRINTING
PKER	PACKER PLADA
PLCM	POLYCOM
PLGT	POLGAT IND 1 A
PLIT	POLAR INTL RL EST
PLMG	PILAT MEDIA GLOBAL
PLR	POLAR INVESTMENTS
PLRC	POLAR COMMUNICATION
PLRM	PALRAM INDS
PLSK	POLYSACK PLASTIC
PLSN	PLASSON
PLST	PLASTO SAC
PLSTR	PLASTRO IRRIGATION
PNEL	PNEIEL
POLI	BK HAPOALIM
POLK	HG POLLAK
POLRM	POLYRAM
POLY	POLYGON LTD.
PPIL	PLASTOPIL HAZOREA
PRCS	DEAD SEA PERICLASE
PRGO	PERRIGO
PROB	PROFIT BLDG INDS
PRTC	PRIORTECH
PSFN	PSAGOT FINANCE
PTBL	PROPERTY&BUILDING
PTCH	ISRAEL PETR INS
PTNR	PARTNER COMM. CO
PYTC	PHYTECH TECH 2000
PZCH	PAZ-CHEN 1
QLTU	QUALITAU
QNCO	QUEENCO
RABN	RABINTEX INDUSTRIES
RACA	RAV CAR INDS
RATI-L	RATIO OIL EXPLOR
RAVD	RAVAD
RBGP	ROBO GROUP T.E.K
RDMC	RODEMCO
RDWR	RADWARE
REGE	REGENCY JERUSALEM
REIC	REICHERT INDS
REKA	REKAH
RHTCH	RH TECHNOLOGIES
RIMO	RIMONI INDS
RLCO	RALCO AGIES
RLN	RILON
RMDR	RAMDOR SYS & COM
RMZR	D MEDICAL INDUST
RNTK	RANITECH
ROGO	ROGOSIN ENTR ISR
ROSB	ROSEBUD MEDICAL
ROSE	WALTER ROSENTHAL
ROTM	ROTEM CONSTRUCTION
ROTS	D. ROTSCHTEIN CONS
RPAC	RAPAC ELECTRONICS
RPD-M	RAPID VISION
RPTC	RAPAC TECHOLOGIES
RSEF	RESHEF 1
RSEL	RSL ELECTRONICS
RSTV	ROSHTOV SOFTWARE
RTLX	RETALIX
RVSN	RADVISION
SAE	SUPER-SOL -B-
SAIN-M	SAHAR INVESTEC
SALG	SHALAG INDUSTRIES
SALT	SALT INDUSTRIES
SANO1	SANO-BRUNOS ENTR 1
SANO5	SANO-BRUNOS ENTR
SBAR	S BAR
SCC	SPACECOM SATEL COMM
SCIX	SCITEX
SCOP	SCOPE METALS TRD
SEFN	SEFEN
SELA	SELA GROUP.COM
SERF	SERAFON RESINOUS
SFK	SHREM FUD KELNER A
SFTC	SHREM-FUD-KEL-TECH
SHAM	SHAMIR FOOD INDS
SHAN	SHANIV PAPER IND
SHKL	MIGDALEY SHEKEL
SHKR	SHEKEM REAL EST
SHLG	SHELEG TEXTILE
SHMI	HASHMIRA SEC TECHNO
SHML	SHAHAR HAMIL
SHMN	SHEMEN IND -A-
SHMR	SHAMIR OPTICAL IND
SHUL	SHULAMIT GARDENS HT
SINS	SINAI HLDGS INS
SKED	SHAKED NETANEL CONS
SKUM	SECOM (ISRAEL)
SLAD	SHLADOT METAL WKS 1
SLBR	SOLBAR INDUSTRIES
SLTN	OTZAR HASH HAM 1 A
SMCM	SEMICOM IND
SMT	SUMMIT REAL ESTATE
SNEL	SYNEL INDUSTRIES
SNHV	SHENHAV INDS
SOLG	HORIZON CHAL INV CO
SOLH	SOLOMON HLDGS
SOLO	E. SOLOMON INVT & C
SPAN-M	SPANCRETE
SPCB	SUPERIORCABLES
SPCT	SPECTRONIX 1
SPNS	SAPIENS INTL CORP
SPNTC	NR SPUNTECH
SRFT	ZVI SARFATI & SONS
STCM	SATCOM SYSTEMS
STEE	ISRAEL STEEL MILLS
STEL	STRAUSS ELITE
STGI	STG INTL
STNG	Y SHTANG & SONS
STNT	STAR NIGHT TECH
SUNF	SUNFROST 1
SUNY	SUNY ELECTR
SVAN	SIVAN TRAINING SYST
SYNO	SYNOPSIS
SYST	S.Y. SHEM TOV
TAAL	TAAL MFG PLYW B 2
TADB	TADBIK
TALC	EUROPEAN SAT SERV
TALD	TALDOR COMPUTER
TAO-M	TAO A
TAT5	TAT AERO EQU IND
TATTF	TAT TECH
TAYA	TAYA ISR COSMETIC
TDCL	BIOMEDIX
TDCM	TADIRAN COMMUNICAT
TDGN	TADIR-GAN
TEAM	TEAM COMPUT SYS 1
TEDE	TED TECHN DEVL AU 1
TEFN	TEFEN IND ENGR & MG
TENE	OFF TENNE INDS
TEVA	TEVA PHARMA IND
TFHTP	TEFAHOT ISR MB 8PR
TFR	TEFRON
TFVC	TAMIR FISHMAN VENTU
THF-M	HATEHOF
TIBO	TIBON VEAL
TISQ	DATA JCE
TIVA	TIV TEXTILE GROUP
TLKR	TELKOOR TELECOM
TLSY	TELSYS ELECTRONIC
TMBU	TAMBOUR
TMMR	T.M.M. INTEGRATED R
TMPO	TEMPO BEER IND
TNPV	TECHNOPLUS VENTURES
TOBJ	TOBIAS JEWELLERY
TOM	TOM HOLDINGS
TOPMD	TOPSPIN MEDICAL
TOPR	TOPPER FASH ENTR 1
TREN	TRENDLINE INFORMATI
TRSC	TRANSCLAL TRADE
TRTP	TREE TOP INVESTMENT
TSCM	TESCOM SOFT SYSTEMS
TSEM	TOWER SEMICON INS 1
TSMR-M	TSAMAROT COUNTRY BD
TSNT	TESNET SOFTWARE
TUBE	MIDDLE-EAST TUBE
TUTN	TUTTNAUER
TUZA	TEUZA
TUZA-S	TEUZA PROTECTED
TYCO	TAYA COMMUNICATIONS
TZMI	ZMIHA INVT HOUSE
UNBR1	TROMASB PRE CONST 1
UNBR5	TROMASB PRE CONST
UNCO	UNICORN INVTS CO 1
UNDR	UNIDRESS
UNIC	UNICO INVT -A- 10
UNIT	UNITRONICS (1989)
UNIV	UNIVERCOL HOFFMAN
UNMI	UNAMI SHILUVIM ENT
UNON	UNION BK ISRAEL 1
URDN	URDAN INDUSTRIES
UREL	SIMCHA URIELI & SON
VILR	VILLAR INTL
VISN	VISION SIGMA
VITA	VITA-GALILEE FRUIT
VLCA	VULCAN BATTERIES
WALA	WALLA COMMUNICATION
WDNN	WARDINON
WLFD	WILLY FOOD INVTS
WLGR	WILLIGER INDUSTRIES
WLMN1	WALFMAN IND 1
WLMN5	WALFMAN IND
WOMA	WOLF CLORE MAY 0.10
WRDT	WARDINON TEXTILE
WRGR	WORLD GROUP HLDGS
WRSM	WORLD SHIPPING
XTL	XTL BIOPHARMAC
YAAD	YAAD INDUSTRIAL
YADE	YAD AVI HAYISHUV
YAMT	YAMIT HOTEL
YASR	JAYSOUR MTG BK 1
YESH	YESH GAD INDS INFRA
YHUD	YEHUDA HOTELS B
YPYP	YTONG IND
YRDN	TAO A
YTAI	Y.T AMERICA ISRAEL
YUVA	YUVAL ENGR INDS
ZAFR	ZAFRIR ENGR
ZEVC	WORLD SHIPPING
ZEVI	Y ZAHAVI
ZIKA1	ELEC WKS ZIKA 1 A
ZIKA5	ELEC WKS ZIKA B
ZINO	ZINOMETAL
ZION	ZION HOLDINGS
ZNKL	ZANLAKOL
ZOAR	ZOHAR IND 1
ZOKO	ZOKO
ZUR	ZUR SHAMIR
ZUR-P1	ZUR SHAMIR
